{"cameraMode":{"drawMode":0,"name":"Shaded","section":"Shading Mode"},"sceneLighting":true,"audioPlay":false,"sceneViewState":{"m_AlwaysRefresh":false,"showFog":true,"showSkybox":true,"showFlares":true,"showImageEffects":true,"showParticleSystems":true,"showVisualEffectGraphs":true,"m_FxEnabled":true},"in2DMode":false,"pivot":{"x":-6.984661102294922,"y":8.558109283447266,"z":-1.9494762420654297},"rotation":{"x":0.08272384852170944,"y":0.04383516684174538,"z":-0.00363825517706573,"w":0.9956116676330566},"size":11.682077407836914,"orthographic":true}